Time(s),Voltage(V),Current(A),TEMP (C),Battery_%
444.336,13885,-21,20,69
444.824,13881,-9,20,73
445.308,13881,21,20,76
445.785,13878,-9,20,80
446.329,13885,37,20,82
446.832,13881,-6,20,84
447.339,13881,-3,20,85
447.812,13885,6,20,86
448.315,13878,-18,20,86
448.855,13878,-18,20,86
449.378,13878,-18,20,86
449.826,13878,-18,20,86
450.314,13878,-18,20,86
450.861,13878,-18,20,86
451.343,13878,-18,20,86
451.818,13878,-18,20,86
452.289,13878,-18,20,86
452.834,13878,-18,20,86
453.333,13885,-28,20,87
453.850,13885,-28,20,87
454.334,13885,-28,20,87
454.854,13885,-28,20,87
455.353,13885,-28,20,87
455.871,13885,-28,20,87
456.357,13885,-28,20,87
456.838,13885,-28,20,87
457.355,13885,-28,20,87
457.803,13885,-28,20,87
458.343,13885,-28,20,87
458.814,13888,-31,20,87
459.328,13888,-31,20,87
459.843,13888,-31,20,87
460.323,13888,-31,20,87
460.845,13888,-31,20,87
461.332,13888,-31,20,87
461.820,13888,-31,20,87
462.331,13888,-31,20,87
462.864,13888,-31,20,87
463.355,13888,-31,20,87
463.819,13888,-31,20,89
464.319,14180,23918,20,93
464.828,14180,23918,20,94
465.345,14180,23918,20,95
465.870,14180,23918,20,95
466.307,14180,23918,20,95
466.840,14180,23918,20,95
467.342,14180,23918,20,95
467.792,14180,23918,20,95
468.322,14180,23918,20,95
468.862,14180,23918,20,95
469.344,14180,23918,20,95
469.822,14202,23909,20,95
470.358,14205,23915,20,95
470.806,14202,23950,20,95
471.363,14209,23931,20,95
471.834,14212,23909,20,95
472.375,14216,23909,20,95
472.815,14212,23871,20,95
473.352,14216,23903,20,95
473.872,14216,23903,20,95
474.353,14216,23909,20,95
474.831,14216,23878,20,95
475.382,14216,23921,20,95
475.837,14220,23900,20,95
476.294,14223,23940,20,96
476.826,14223,23937,20,96
477.347,14223,23950,20,96
477.866,14227,23946,20,96
478.294,14223,23928,20,96
478.857,14227,23909,20,96
479.347,14227,23909,20,96
479.848,14234,23896,20,96
480.359,14234,23893,20,96
480.875,14234,23868,20,96
481.346,14241,23946,20,96
481.828,14234,23900,20,96
482.335,14238,23934,20,96
482.842,14238,23928,20,96
483.326,14238,23915,20,96
483.923,14238,23962,20,96
484.338,14248,23900,20,96
484.808,14245,23890,20,96
485.348,14248,23921,20,96
485.831,14241,23900,20,96
486.332,14241,23903,20,96
486.843,14248,23921,20,96
487.351,14252,23909,20,96
487.837,14248,23940,20,96
488.341,14252,23915,20,96
488.850,14248,23871,20,96
489.354,14252,23934,20,96
489.829,14252,23896,20,96
490.350,14259,23893,20,96
490.836,14256,23912,20,96
491.366,14256,23928,20,96
491.840,14259,23921,20,96
492.332,14256,23937,20,96
492.802,14256,23900,20,96
493.321,14259,23928,20,96
493.879,14256,23912,20,96
494.359,14263,23940,20,96
494.847,14259,23881,20,96
495.361,14266,23887,20,96
495.854,14259,23900,20,96
496.336,14263,23918,20,96
496.906,14266,23934,20,96
497.382,14259,23931,20,96
497.906,14263,23928,20,96
498.386,14270,23918,20,96
499.220,14266,23896,20,96
499.553,14263,23896,20,96
499.999,14270,23909,20,96
500.378,14270,23940,20,96
500.934,14266,23915,20,96
501.440,14270,23921,20,96
501.858,14270,23903,20,96
502.395,14277,23915,20,96
502.901,14274,23903,20,96
503.342,14266,23915,20,96
503.808,14277,23934,20,96
504.372,14277,23890,20,96
504.878,14274,23918,20,96
505.374,14274,23915,20,96
505.868,14277,23928,20,96
506.349,14277,23909,20,96
506.882,14281,23878,20,96
507.339,14281,23909,20,96
507.845,14277,23928,20,96
508.403,14284,23909,20,96
508.887,14274,23931,20,96
509.442,14277,23915,20,96
509.867,14281,23909,20,96
510.406,14281,23900,20,96
510.958,14288,23900,20,96
511.442,14281,23909,20,96
511.990,14281,23903,20,96
512.418,14288,23887,20,96
512.959,14284,23912,20,96
513.357,14292,23959,20,96
513.847,14284,23950,20,96
514.341,14288,23937,20,96
514.918,14288,23934,20,96
515.387,14288,23934,20,96
515.882,14292,23937,20,96
516.384,14295,23918,20,96
516.853,14292,23946,20,96
517.336,14288,23900,20,96
517.848,14292,23893,20,96
518.364,14288,23946,20,96
518.882,14292,23934,20,96
519.426,14292,23918,20,96
519.920,14292,23878,20,96
520.436,14299,23903,20,96
520.928,14295,23931,20,96
521.384,14295,23934,20,96
521.919,14292,23937,20,96
522.480,14295,23890,20,96
522.934,14299,23915,20,96
523.454,14292,23928,20,96
523.960,14299,23937,20,96
524.482,14295,23934,20,96
524.890,14299,23887,20,96
525.376,14299,23934,20,96
525.891,14306,23953,20,96
526.372,14302,23915,20,96
526.850,14306,23934,20,96
527.371,14302,23915,20,96
527.848,14302,23928,20,96
528.400,14306,23912,20,96
528.882,14302,23912,20,96
529.401,14302,23937,20,96
529.875,14302,23915,20,96
530.352,14299,23903,20,96
530.871,14302,23931,20,96
531.363,14310,23946,20,96
531.954,14306,23912,20,96
532.515,14306,23900,20,96
532.899,14306,23918,20,96
533.428,14310,23946,20,96
533.894,14310,23893,20,96
534.356,14310,23912,20,96
534.851,14306,23890,20,96
535.386,14306,23940,20,96
535.903,14313,23903,20,96
536.352,14310,23931,20,96
536.899,14313,23918,20,96
537.424,14313,23918,20,96
537.884,14310,23909,20,96
538.402,14317,23900,20,96
538.854,14310,23909,20,96
539.410,14313,23937,20,96
539.853,14313,23937,20,96
540.357,14317,23900,20,96
540.930,14313,23909,20,96
541.375,14313,23950,20,96
541.955,14317,23962,20,96
542.445,14313,23915,20,96
542.994,14317,23931,20,96
543.406,14320,23931,20,96
544.186,14320,23959,20,96
544.408,14317,23934,20,96
544.946,14320,23934,20,96
545.359,14320,23959,20,96
545.928,14317,23946,20,96
546.408,14317,23931,20,96
547.039,14317,23915,20,96
547.495,14320,23946,20,96
547.890,14320,23912,20,96
548.378,14324,23915,20,96
548.877,14320,23912,20,96
549.371,14324,23931,20,96
549.861,14317,23900,20,96
550.391,14328,23931,20,96
550.859,14324,23912,20,96
551.377,14324,23893,20,96
551.953,14320,23940,20,96
552.363,14324,23934,20,96
552.855,14324,23950,20,96
553.411,14331,23928,20,96
553.911,14328,23931,20,96
554.444,14324,23918,20,96
554.876,14324,23931,20,96
555.369,14324,23940,20,96
555.960,14331,23903,20,96
556.370,14328,23928,20,96
556.887,14324,23903,20,96
557.416,14324,23890,20,96
557.880,14331,23931,20,96
558.371,14328,23890,20,96
558.984,14331,23968,20,96
559.476,14328,23934,20,96
559.838,14331,23946,20,96
560.384,14331,23934,20,96
560.920,14331,23928,20,96
561.391,14335,23959,20,96
561.905,14335,23953,20,96
562.523,14331,23962,20,96
562.897,14324,23931,20,96
563.439,14331,23953,20,96
563.902,14331,23912,20,96
564.366,14335,23915,20,96
564.938,14338,23950,20,96
565.487,14331,23915,20,96
565.858,14338,23937,20,96
566.449,14331,23959,20,96
566.882,14335,23950,20,96
567.395,14335,23921,20,96
567.893,14335,23875,20,96
568.375,14342,23975,20,96
568.896,14335,23940,20,96
569.432,14342,23912,20,96
569.884,14335,23915,20,96
570.403,14338,23928,20,96
570.883,14342,23937,20,96
571.392,14338,23918,20,96
571.867,14342,23946,20,96
572.387,14342,23928,20,96
572.938,14338,23915,20,96
573.382,14342,23921,20,96
574.123,14338,23912,20,96
574.369,14346,23928,20,96
575.047,14338,23903,20,96
575.372,14342,23896,20,96
576.017,14342,23934,20,96
576.395,14335,23931,20,96
576.972,14346,23934,20,96
577.397,14342,23871,20,96
577.978,14349,23912,20,96
578.395,14346,23900,20,96
578.867,14346,23931,20,96
579.409,14346,23921,20,96
579.884,14346,23918,20,96
580.370,14342,23918,20,96
580.913,14346,23890,20,96
581.386,14349,23940,20,96
581.884,14349,23915,20,96
582.398,14346,23875,20,96
582.896,14346,23940,20,96
583.417,14346,23937,20,96
583.871,14349,23900,20,96
584.376,14349,23940,20,96
585.015,14349,23953,20,96
585.410,14353,23909,20,97
585.927,14353,23918,20,97
586.436,14349,23962,20,96
586.927,14349,23893,20,96
587.399,14349,23912,20,96
587.933,14353,23903,20,97
588.394,14349,23881,20,97
588.926,14356,23971,20,97
589.403,14356,23953,20,97
589.876,14356,23931,20,97
590.379,14349,23896,20,97
590.893,14353,23909,20,97
591.398,14353,23968,20,97
591.966,14356,23946,20,97
592.417,14349,23912,20,97
592.887,14353,23934,20,97
593.386,14356,23968,20,97
593.875,14353,23900,20,97
594.487,14353,23940,20,97
594.932,14353,23912,20,97
595.457,14353,23881,20,97
595.984,14353,23896,20,97
596.378,14356,23946,20,97
596.983,14360,23912,20,97
597.443,14360,23934,20,97
597.868,14356,23937,20,97
598.463,14356,23931,20,97
598.970,14356,23928,20,97
599.502,14360,23915,20,97
599.935,14360,23909,20,97
600.406,14360,23950,20,97
600.923,14356,23934,20,97
601.426,14367,23931,20,97
601.883,14364,23968,20,97
602.458,14356,23921,20,97
602.912,14360,23928,20,97
603.403,14360,23940,20,97
603.991,14364,23946,20,97
604.387,14367,23937,20,97
604.880,14360,23887,20,97
605.382,14364,23903,20,97
605.888,14360,23950,20,97
606.382,14360,23881,20,97
607.030,14364,23928,20,97
607.459,14367,23937,20,97
607.975,14360,23946,20,97
608.490,14364,23915,20,97
608.922,14367,23940,20,97
609.386,14367,23893,20,97
609.934,14367,23946,20,97
610.398,14364,23918,20,97
610.902,14367,23959,20,97
611.472,14367,23928,20,97
611.950,14367,23934,20,97
612.409,14364,23959,20,97
612.916,14364,23918,20,97
613.486,14371,23934,20,97
613.882,14364,23918,20,97
614.395,14367,23918,20,97
614.938,14371,23940,20,97
615.410,14367,23931,20,97
615.970,14371,23921,20,97
616.387,14371,23915,20,97
616.951,14367,23915,20,97
617.543,14371,23915,20,97
618.030,14371,23912,20,97
618.455,14367,23931,20,97
618.930,14374,23921,20,97
619.395,14367,23940,20,97
619.913,14374,23934,20,97
620.388,14374,23940,20,97
620.930,14371,23915,20,97
621.443,14374,23928,20,97
621.942,14371,23912,20,97
622.444,14374,23900,20,97
622.912,14371,23871,20,97
623.421,14374,23940,20,97
623.891,14374,23903,20,97
624.361,14374,23915,20,97
624.889,14374,23921,20,97
625.424,14378,23940,20,97
625.889,14374,23934,20,97
626.395,14374,23940,20,97
626.970,14378,23915,20,97
627.422,14378,23937,20,97
627.918,14382,23946,20,97
628.427,14382,23962,20,97
628.939,14382,23946,20,97
629.480,14378,23903,20,97
630.037,14378,23890,20,97
630.476,14374,23918,20,97
630.950,14378,23921,20,97
631.446,14382,23915,20,97
631.935,14378,23890,20,97
632.446,14382,23987,20,97
632.897,14382,23931,20,97
633.395,14385,23921,20,97
633.896,14385,23956,20,97
634.419,14382,23928,20,97
634.947,14389,23915,20,97
635.415,14385,23915,20,97
635.911,14382,23959,20,97
636.414,14385,23968,20,97
636.930,14382,23934,20,97
637.465,14385,23909,20,97
637.896,14385,23912,20,97
638.406,14385,23940,20,97
639.447,14385,23931,20,97
639.772,14389,23940,20,97
639.916,14385,23931,20,97
640.406,14389,23903,20,97
640.974,14389,23959,20,97
641.443,14389,23937,20,97
641.904,14385,23912,20,97
642.474,14385,23912,20,97
643.010,14392,23862,20,97
643.491,14389,23956,20,97
643.904,14392,23940,20,97
644.397,14389,23950,20,97
644.926,14396,23940,20,97
645.421,14392,23968,20,97
645.942,14392,23956,20,97
646.506,14385,23956,20,97
646.950,14389,23946,20,97
647.420,14389,23931,20,97
647.902,14396,23918,20,97
648.404,14389,23950,20,97
648.930,14392,23912,20,97
649.511,14396,23934,20,97
649.932,14396,23871,20,97
650.478,14392,23881,20,97
650.974,14392,23950,20,97
651.556,14392,23915,20,97
652.054,14392,23946,20,97
652.544,14396,23940,20,97
652.903,14396,23912,20,97
653.474,14396,23896,20,97
653.914,14392,23921,20,97
654.404,14396,23878,20,97
654.947,14400,23918,20,97
655.542,14400,23934,20,97
655.964,14396,23959,20,97
656.375,14400,23921,20,97
656.924,14392,23912,20,97
657.450,14392,23918,20,97
657.958,14400,23928,20,97
658.461,14400,23940,20,97
658.942,14400,23950,20,97
659.478,14396,23956,20,97
659.939,14403,23912,20,97
660.509,14403,23878,20,97
660.970,14403,23950,20,97
661.486,14396,23956,20,97
662.004,14400,23934,20,97
662.420,14403,23931,20,97
662.915,14400,23934,20,97
663.444,14396,23934,20,97
663.957,14403,23890,20,97
664.418,14407,23946,20,97
664.969,14396,23928,20,97
665.401,14403,23921,20,97
665.925,14407,23937,20,97
666.473,14403,23909,20,97
666.938,14403,23912,20,97
667.416,14403,23890,20,97
667.911,14407,23909,20,97
668.436,14407,23937,20,97
668.927,14403,23940,20,97
669.438,14403,23946,20,97
669.912,14403,23950,20,97
670.418,14410,23921,20,97
670.961,14410,23893,20,97
671.440,14407,23940,20,97
671.994,14403,23981,20,97
672.444,14407,23940,20,97
672.995,14403,23896,20,97
673.474,14410,23915,20,97
674.156,14410,23903,20,97
674.483,14407,23959,20,97
675.002,14410,23915,20,97
675.412,14407,23956,20,97
675.991,14410,23918,20,97
676.442,14410,23953,20,97
676.934,14410,23934,20,97
677.438,14414,23900,20,97
677.933,14410,23900,20,97
678.459,14414,23868,20,97
679.032,14410,23956,20,97
679.413,14407,23928,20,97
679.915,14410,23887,20,97
680.416,14414,23962,20,97
680.924,14410,23934,20,97
681.579,14414,23918,20,97
682.051,14410,23940,20,97
682.440,14414,23953,20,97
683.017,14414,23921,20,97
683.532,14410,23950,20,97
684.083,14410,23950,20,97
684.528,14414,23903,20,97
685.054,14414,23931,20,97
685.422,14418,23946,20,97
685.953,14418,23950,20,97
686.447,14414,23903,20,97
686.918,14418,23931,20,97
687.416,14414,23937,20,97
687.917,14418,23921,20,97
688.453,14414,23937,20,97
688.946,14414,23953,20,97
689.481,14421,23928,20,97
689.943,14421,23918,20,97
690.407,14421,23900,20,97
690.971,14414,23946,20,97
691.475,14418,23903,20,97
691.937,14421,23909,20,97
692.435,14421,23912,20,97
692.932,14414,23953,20,97
693.451,14421,23928,20,97
693.930,14425,23909,20,97
694.511,14414,23912,20,97
694.980,14418,23903,20,97
695.464,14421,23912,20,97
695.896,14418,23950,20,97
696.486,14421,23981,20,97
696.903,14418,23931,20,97
697.479,14425,23940,20,97
697.966,14421,23928,20,97
698.474,14421,23953,20,97
698.922,14421,23903,20,97
699.442,14421,23900,20,97
699.928,14425,23953,20,97
700.442,14425,23996,20,97
701.060,14425,23946,20,97
701.473,14425,23909,20,97
702.042,14425,23912,20,97
702.435,14428,23937,20,97
703.014,14428,23950,20,97
703.514,14428,23971,20,97
703.960,14432,23940,20,97
704.563,14421,23956,20,97
704.967,14432,23903,20,97
705.426,14425,23975,20,97
706.007,14425,23909,20,97
706.468,14432,23950,20,97
706.998,14428,23950,20,97
707.430,14428,23928,20,97
707.975,14425,23921,20,97
708.438,14432,23937,20,97
708.911,14428,23971,20,97
709.503,14428,23962,20,97
709.960,14428,23928,20,97
710.439,14432,23909,20,97
710.971,14428,23940,20,97
711.469,14428,23956,20,97
711.998,14432,23912,20,97
712.459,14428,23912,20,97
713.018,14432,23987,20,97
713.478,14428,23928,20,97
714.219,14432,23956,20,97
714.521,14436,23934,20,97
714.945,14432,23928,20,97
715.468,14436,23956,20,97
715.967,14432,23934,20,97
716.515,14432,23918,20,97
717.032,14439,23940,20,97
717.497,14432,23968,20,97
717.977,14432,23975,20,97
718.433,14436,23937,20,97
718.967,14436,23928,20,97
719.515,14436,23887,20,97
719.979,14443,23918,20,97
720.432,14436,23981,20,97
720.958,14439,23950,20,97
721.432,14436,23946,20,97
721.969,14436,23940,20,97
722.474,14436,23903,20,97
722.965,14439,23968,20,97
723.491,14439,23940,20,97
723.995,14439,23950,20,97
724.536,14439,23918,20,97
724.936,14439,23915,20,97
725.463,14439,23959,20,97
726.023,14439,23950,20,97
726.536,14443,23937,20,97
727.023,14443,23950,20,97
727.502,14443,23918,20,97
727.995,14439,23962,20,97
728.502,14436,23918,20,97
728.939,14439,23928,20,97
729.457,14436,23934,20,97
729.940,14446,23928,20,97
730.443,14436,23950,20,97
730.982,14446,23975,20,97
731.442,14443,23946,20,97
731.963,14446,23915,20,97
732.477,14446,23946,20,97
732.959,14443,23946,20,97
733.594,14446,23937,20,97
734.006,14446,23937,20,97
734.538,14443,23934,20,97
734.977,14439,23931,20,97
735.527,14446,23903,20,97
735.976,14443,23956,20,97
736.524,14446,23950,20,97
736.958,14446,23893,20,97
737.493,14450,23956,20,97
738.060,14450,23896,20,97
738.460,14446,23912,20,97
738.947,14446,23934,20,97
739.578,14446,23903,20,97
739.966,14450,23959,20,97
740.463,14446,23962,20,97
740.967,14450,23968,20,97
741.466,14450,23978,20,97
741.918,14450,23940,20,97
742.458,14446,23953,20,97
742.994,14450,23896,20,97
743.468,14446,23915,20,97
743.967,14450,23946,20,97
744.487,14446,23962,20,97
744.959,14450,23956,20,97
745.515,14454,23940,20,97
746.052,14446,23946,20,97
746.473,14450,23928,20,97
747.007,14450,23956,20,97
747.529,14454,23918,20,97
747.964,14450,23940,20,97
748.447,14454,23950,20,97
748.950,14454,23928,20,97
749.526,14454,23928,20,97
749.997,14461,23946,20,97
750.528,14454,23937,20,97
750.986,14454,23950,20,97
751.510,14457,23918,20,97
751.989,14454,23937,20,97
752.461,14457,23937,20,97
752.973,14450,23928,20,97
753.474,14457,23931,20,97
754.026,14454,23953,20,97
754.456,14454,23962,20,97
755.000,14461,23931,20,97
755.435,14454,23940,20,97
756.027,14461,23971,20,97
756.525,14457,23950,20,97
756.998,14454,23928,20,97
757.442,14454,23940,20,97
758.004,14461,23937,20,97
758.516,14457,23921,20,97
758.983,14464,23931,20,97
759.470,14461,23931,20,97
759.998,14461,23968,20,97
760.462,14461,23893,20,97
760.977,14457,23956,20,97
761.453,14454,23962,20,97
761.992,14457,23971,20,97
762.482,14457,23978,20,97
762.955,14464,23928,20,97
763.455,14457,23940,20,97
763.948,14454,23956,20,97
764.511,14464,23909,20,97
764.959,14464,23934,20,97
765.506,14457,23928,20,97
765.994,14461,23971,20,97
766.510,14464,23934,20,97
767.097,14461,23956,20,97
767.491,14461,23918,20,97
767.955,14461,23934,20,97
768.519,14464,23940,20,97
768.968,14461,23956,20,97
769.522,14472,23918,20,97
769.997,14461,23878,20,97
770.464,14464,23993,20,97
770.978,14468,23903,20,97
771.559,14461,23915,20,97
771.977,14464,23950,20,97
772.478,14464,23903,20,97
772.998,14464,23990,20,97
773.438,14464,23937,20,97
773.953,14464,23928,20,97
774.510,14468,23931,20,97
774.963,14472,23940,20,97
775.472,14468,23975,20,97
775.998,14468,23928,20,97
776.458,14468,23940,20,97
777.024,14464,23921,20,97
777.506,14461,23940,20,97
778.072,14472,23953,20,97
778.505,14468,24009,20,97
778.959,14468,23937,20,97
779.605,14468,23940,20,97
780.070,14472,23990,20,97
780.497,14472,23928,20,97
780.981,14472,23953,20,97
781.475,14475,23959,20,98
782.037,14468,23946,20,97
782.488,14475,23940,20,98
782.963,14475,23978,20,98
783.460,14472,23940,20,98
784.001,14472,23978,20,97
784.490,14468,23953,20,97
785.015,14472,23950,20,97
785.491,14472,23915,20,97
785.980,14479,23953,20,98
786.467,14472,23946,20,98
786.994,14472,23934,20,97
787.578,14475,23962,20,98
788.052,14472,23953,20,98
788.463,14479,23975,20,98
789.045,14479,23946,20,98
789.596,14475,23928,20,98
790.005,14475,23928,20,98
790.537,14475,23918,20,98
790.970,14479,23940,20,98
791.540,14475,23918,20,98
791.968,14472,23950,20,98
792.493,14475,23918,20,98
792.963,14479,23900,20,98
793.460,14482,23956,20,98
793.952,14475,23996,20,98
794.469,14475,23968,20,98
794.989,14479,23956,20,98
795.472,14482,23934,20,98
795.968,14475,23921,20,98
796.539,14479,23950,20,98
797.030,14482,23950,20,98
797.575,14479,23978,20,98
798.015,14475,23918,20,98
798.470,14482,23940,20,98
799.250,14479,23909,20,98
799.547,14482,23915,20,98
800.038,14479,23909,20,98
800.468,14482,23937,20,98
800.972,14482,23959,20,98
801.538,14482,23981,20,98
801.975,14482,23962,20,98
802.471,14486,23928,20,98
803.017,14479,23931,20,98
803.477,14486,23915,20,98
804.034,14479,23900,20,98
804.487,14486,23953,20,98
805.069,14479,23968,20,98
805.509,14486,23918,20,98
805.975,14482,23956,20,98
806.497,14479,23953,20,98
807.061,14486,23956,20,98
807.515,14490,23956,20,98
808.082,14486,23968,20,98
808.558,14482,23950,20,98
808.991,14486,23959,20,98
809.603,14486,23934,20,98
810.007,14486,23900,20,98
810.559,14490,23934,20,98
810.973,14482,23975,20,98
811.592,14490,23946,20,98
812.015,14490,23946,20,98
812.475,14486,23953,20,98
812.995,14490,23937,20,98
813.532,14486,23975,20,98
814.016,14490,23893,20,98
814.539,14482,23937,20,98
815.006,14490,23931,20,98
815.500,14486,23887,20,98
815.991,14493,23953,20,98
816.507,14490,23981,20,98
816.991,14490,23928,20,98
817.538,14493,23921,20,98
817.991,14493,23956,20,98
818.511,14493,23946,20,98
818.978,14490,23950,20,98
819.572,14490,23953,20,98
820.154,14490,23990,20,98
820.477,14490,23887,20,98
821.126,14493,23971,20,98
821.485,14497,23937,20,98
822.007,14490,23937,20,98
822.500,14493,23915,20,98
823.014,14490,23940,20,98
823.471,14493,23881,20,98
823.985,14493,23981,20,98
824.522,14497,23968,20,98
824.979,14497,23940,20,98
825.537,14493,23968,20,98
825.995,14493,23959,20,98
826.523,14500,23946,20,98
826.988,14500,23962,20,98
827.500,14493,23971,20,98
828.021,14490,23975,20,98
828.495,14493,23931,20,98
829.182,14490,23928,20,98
829.484,14493,23946,20,98
830.026,14493,23915,20,98
830.493,14497,23956,20,98
831.106,14493,23990,20,98
831.563,14497,23956,20,98
832.090,14497,23918,20,98
832.563,14500,23921,20,98
833.042,14500,23950,20,98
833.519,14500,23928,20,98
834.023,14497,23912,20,98
834.487,14500,23903,20,98
835.031,14500,23937,20,98
835.470,14500,23953,20,98
836.096,14500,23968,20,98
836.495,14504,23968,20,98
837.015,14497,23934,20,98
837.496,14500,23959,20,98
837.996,14500,23946,20,98
838.511,14500,23956,20,98
839.054,14504,23962,20,98
839.496,14504,23956,20,98
839.969,14500,23950,20,98
840.472,14497,23903,20,98
841.061,14500,23956,20,98
841.574,14504,23937,20,98
841.989,14500,23968,20,98
842.515,14504,23931,20,98
843.076,14504,23971,20,98
843.494,14504,23903,20,98
844.050,14508,23962,20,98
844.545,14511,23978,20,98
844.966,14504,23940,20,98
845.522,14504,23981,20,98
846.034,14504,23971,20,98
846.531,14508,23928,20,98
847.030,14504,23990,20,98
847.490,14504,23928,20,98
847.999,14508,23946,20,98
848.542,14508,23956,20,98
849.026,14504,23946,20,98
849.502,14508,23950,20,98
850.019,14504,23928,20,98
850.552,14504,23953,20,98
851.106,14515,23975,20,98
851.494,14508,23956,20,98
852.063,14511,23946,20,98
852.598,14511,23940,20,98
853.092,14508,23940,20,98
853.605,14511,23962,20,98
854.315,14508,23937,20,98
854.559,14511,23918,20,98
855.003,14511,23937,20,98
855.493,14508,23953,20,98
856.047,14515,23928,20,98
856.536,14515,23946,20,98
857.026,14511,23950,20,98
857.519,14511,23934,20,98
858.063,14511,23971,20,98
858.520,14511,23962,20,98
858.999,14511,23959,20,98
859.489,14508,23962,20,98
860.005,14511,23950,20,98
860.598,14515,23953,20,98
861.116,14515,23968,20,98
861.536,14515,23909,20,98
862.035,14515,23956,20,98
862.510,14511,23940,20,98
863.091,14518,23950,20,98
863.570,14518,23937,20,98
864.006,14515,23956,20,98
864.543,14518,23934,20,98
865.066,14515,23937,20,98
865.557,14518,23953,20,98
866.027,14518,23971,20,98
866.516,14515,23946,20,98
867.025,14518,23971,20,98
867.524,14511,23937,20,98
868.091,14518,23959,20,98
868.507,14522,23934,20,98
869.000,14518,23959,20,98
869.518,14515,23968,20,98
869.992,14515,23962,20,98
870.543,14522,23981,20,98
871.022,14526,23928,20,98
871.515,14518,23928,20,98
872.075,14522,23971,20,98
872.548,14518,23975,20,98
873.023,14515,23931,20,98
873.689,14522,23918,20,98
874.381,14518,23946,20,98
874.700,14518,23950,20,98
875.046,14518,23975,20,98
875.514,14518,23971,20,98
876.003,14522,23937,20,98
876.507,14529,23959,20,98
877.012,14522,23918,20,98
877.524,14526,23975,20,98
878.008,14526,23946,20,98
878.536,14526,23962,20,98
878.993,14526,23959,20,98
879.548,14529,23946,20,98
880.034,14522,23956,20,98
880.524,14522,23962,20,98
881.066,14522,24000,20,98
881.516,14522,23959,20,98
882.066,14526,23968,20,98
882.638,14526,23928,20,98
883.046,14526,24000,20,98
883.622,14526,23937,20,98
884.027,14526,23956,20,98
884.538,14529,23993,20,98
885.071,14526,23953,20,98
885.531,14526,23956,20,98
886.099,14526,23968,20,98
886.550,14526,23937,20,98
887.108,14529,23940,20,98
887.511,14529,23953,20,98
888.053,14526,23968,20,98
888.526,14529,23937,20,98
889.163,14522,23959,20,98
889.526,14529,23953,20,98
890.007,14526,23950,20,98
890.568,14529,23921,20,98
891.022,14533,23946,20,98
891.550,14533,23946,20,98
892.093,14533,23946,20,98
892.523,14526,23950,20,98
893.067,14526,23946,20,98
893.563,14529,23953,20,98
894.017,14533,23968,20,98
894.571,14533,23971,20,98
895.051,14533,23956,20,98
895.544,14533,23934,20,98
896.059,14533,23962,20,98
896.550,14529,23940,20,98
897.021,14529,23934,20,98
897.573,14529,23937,20,98
898.033,14536,23934,20,98
898.519,14536,23959,20,98
899.015,14533,23950,20,98
899.544,14536,23950,20,98
900.064,14533,23950,20,98
900.549,14536,23940,20,98
901.035,14536,23928,20,98
901.535,14536,23950,20,98
902.018,14536,23971,20,98
902.536,14536,23903,20,98
903.106,14536,23909,20,98
903.586,14540,23921,20,98
904.127,14536,23975,20,98
904.544,14536,23950,20,98
905.075,14540,23937,20,98
905.530,14536,23946,20,98
906.053,14540,23950,20,98
906.535,14540,23968,20,98
907.058,14536,23934,20,98
907.582,14536,23975,20,98
908.051,14540,23909,20,98
908.528,14540,23946,20,98
909.035,14544,23946,20,98
909.516,14536,23990,20,98
910.010,14536,23946,20,98
910.530,14536,23928,20,98
911.044,14536,23928,20,98
911.538,14540,23903,20,98
912.008,14540,23978,20,98
912.559,14544,23909,20,98
913.070,14547,23909,20,98
913.528,14544,23987,20,98
914.104,14544,23946,20,98
914.546,14547,23953,20,98
915.054,14544,23937,20,98
915.616,14540,23978,20,98
916.102,14540,23981,20,98
916.640,14544,23928,20,98
917.131,14536,23928,20,98
917.599,14547,23931,20,98
918.106,14544,23937,20,98
918.567,14551,23950,20,98
919.070,14544,23934,20,98
919.534,14544,23940,20,98
920.023,14547,23968,20,98
920.629,14544,23968,20,98
921.064,14547,23915,20,98
921.499,14547,23962,20,98
922.023,14547,23950,20,98
922.546,14547,23931,20,98
923.026,14551,23959,20,98
923.527,14547,23956,20,98
924.043,14547,23946,20,98
924.569,14544,23946,20,98
925.069,14547,23953,20,98
925.625,14551,23953,20,98
926.078,14554,23996,20,98
926.549,14547,23937,20,98
927.067,14554,23931,20,98
927.596,14551,23940,20,98
928.015,14551,23959,20,98
928.568,14554,23950,20,98
929.049,14551,23953,20,98
929.518,14551,23950,20,98
930.024,14547,23975,20,98
930.577,14547,23946,20,98
931.047,14554,23950,20,98
931.538,14547,24006,20,98
932.076,14547,23975,20,98
932.602,14547,23968,20,98
933.116,14554,23921,20,98
933.530,14554,23959,20,98
934.030,14554,23940,20,98
934.607,14551,23959,20,98
935.116,14554,23934,20,98
935.612,14558,23959,20,98
936.050,14551,23928,20,98
936.622,14558,23937,20,98
937.046,14554,23940,20,98
937.534,14558,23987,20,98
938.046,14554,23953,20,98
938.558,14558,23953,20,98
939.121,14554,23968,20,98
939.585,14558,23953,20,98
940.127,14558,23937,20,98
940.534,14558,23912,20,98
941.090,14554,23950,20,98
941.547,14558,23978,20,98
942.036,14562,23946,20,98
942.533,14558,23968,20,98
943.034,14558,23981,20,98
943.508,14554,23968,20,98
944.036,14558,23915,20,98
944.552,14558,23928,20,98
945.191,14558,23975,20,98
945.646,14558,23912,20,98
946.096,14558,23928,20,98
946.547,14562,23931,20,98
947.081,14562,23912,20,98
947.600,14562,23953,20,98
948.007,14562,23959,20,98
948.679,14562,23950,20,98
949.046,14558,23971,20,98
949.536,14562,23968,20,98
950.099,14562,23962,20,98
950.563,14565,23881,20,98
951.073,14562,23931,20,98
951.547,14565,23968,20,98
952.043,14565,23950,20,98
952.537,14562,23928,20,98
953.059,14562,23959,20,98
953.562,14565,23928,20,98
954.084,14558,23962,20,98
954.568,14565,23934,20,98
955.040,14562,23990,20,98
955.575,14565,23950,20,98
956.096,14565,23968,20,98
956.693,14565,23940,20,98
957.043,14569,23956,20,98
957.687,14565,24006,20,98
958.196,14565,23990,20,98
958.650,14569,23950,20,98
959.016,14565,23975,20,98
959.686,14569,23937,20,98
960.057,14565,23903,20,98
960.595,14569,23956,20,98
961.128,14569,23940,20,98
961.599,14572,23971,20,98
962.067,14569,23940,20,98
962.582,14569,23934,20,98
963.055,14572,23956,20,98
963.534,14572,23975,20,98
964.017,14569,23975,20,98
964.560,14569,23975,20,98
965.160,14569,23937,20,98
965.616,14569,23940,20,98
966.015,14572,23946,20,98
966.559,14572,23959,20,98
967.126,14572,23962,20,98
967.640,14572,23962,20,98
968.045,14569,23987,20,98
968.598,14569,23981,20,98
969.069,14569,23940,20,98
969.759,14572,23928,20,98
970.066,14572,23968,20,98
970.602,14576,23956,20,98
971.166,14565,23962,20,98
971.636,14572,23928,20,98
972.066,14569,23881,20,98
972.598,14572,23990,20,98
973.095,14572,23915,20,98
973.549,14572,23959,20,98
974.055,14572,23959,20,98
974.590,14576,23959,20,98
975.079,14580,23959,20,98
975.556,14572,23928,20,98
976.051,14576,23971,20,98
976.578,14576,23959,20,98
977.078,14580,23959,20,98
977.614,14580,23950,20,98
978.130,14583,23950,20,98
978.630,14580,23968,20,98
979.079,14580,23975,20,98
979.638,14580,23928,20,98
980.162,14572,23950,20,98
980.555,14576,23909,20,98
981.070,14580,23950,20,98
981.560,14576,23975,20,98
982.102,14576,23959,20,98
982.585,14580,23953,20,98
983.067,14576,23975,20,98
983.523,14580,23996,20,98
984.108,14590,23953,20,99
984.568,14583,23953,20,98
985.077,14583,23968,20,98
985.554,14580,23937,20,98
986.060,14580,23950,20,98
986.570,14576,23937,20,98
987.054,14583,23962,20,98
987.546,14583,23921,20,98
988.124,14583,23962,20,98
988.653,14583,23934,20,98
989.121,14583,23940,20,98
989.643,14580,23956,20,98
990.123,14583,23937,20,98
990.648,14583,23921,20,98
991.106,14580,23940,20,98
991.630,14587,23962,20,98
992.063,14587,23987,20,98
992.602,14587,23890,20,98
993.104,14587,23959,20,98
993.611,14590,23962,20,99
994.117,14583,23968,20,98
994.582,14590,23962,20,99
995.096,14587,23950,20,98
995.579,14587,23928,20,98
996.085,14587,23956,20,98
996.609,14583,23934,20,98
997.051,14587,23971,20,98
997.566,14587,23953,20,98
998.086,14590,23968,20,99
998.609,14590,23953,20,99
999.089,14590,23953,20,99
999.571,14583,23959,20,98
1000.074,14583,23956,20,98
1000.635,14590,23912,20,99
1001.123,14594,23940,20,99
1001.691,14594,23940,20,99
1002.176,14590,23937,20,99
1002.534,14587,23953,20,99
1003.136,14590,23921,20,99
1003.569,14598,23931,20,99
1004.040,14594,23956,20,99
1004.563,14590,23918,20,99
1005.096,14594,23946,20,99
1005.626,14594,23912,20,99
1006.083,14594,23931,20,99
1006.620,14590,23950,20,99
1007.117,14594,23940,20,99
1007.560,14590,23987,20,99
1008.039,14598,23934,20,99
1008.562,14594,23928,20,99
1009.051,14590,23956,20,99
1009.631,14594,23950,20,99
1010.063,14598,23909,20,99
1010.683,14594,23950,20,99
1011.115,14594,23934,20,99
1011.647,14594,23971,20,99
1012.163,14594,23978,20,99
1012.619,14590,23950,20,99
1013.136,14594,23940,20,99
1013.582,14594,23953,20,99
1014.151,14594,23928,20,99
1014.595,14594,23950,20,99
1015.088,14601,23946,20,99
1015.594,14601,23959,20,99
1016.103,14601,23956,20,99
1016.565,14601,23909,20,99
1017.071,14598,23953,20,99
1017.579,14594,23918,20,99
1018.084,14601,23934,20,99
1018.545,14598,23931,20,99
1019.127,14598,23971,20,99
1019.647,14594,23937,20,99
1020.135,14594,23962,20,99
1020.682,14601,23971,20,99
1021.066,14598,23934,20,99
1021.703,14605,23934,20,99
1022.171,14601,23946,20,99
1022.556,14601,24000,20,99
1023.157,14598,23934,20,99
1023.655,14601,23962,20,99
1024.130,14601,23993,20,99
1024.605,14601,23940,20,99
1025.071,14605,23956,20,99
1025.585,14601,23953,20,99
1026.109,14601,23993,20,99
1026.610,14601,23950,20,99
1027.117,14605,23950,20,99
1027.578,14601,23937,20,99
1028.109,14605,23953,20,99
1028.556,14612,23937,20,99
1029.103,14605,23950,20,99
1029.571,14605,23962,20,99
1030.138,14601,23968,20,99
1030.642,14608,23987,20,99
1031.175,14608,23956,20,99
1031.615,14608,23931,20,99
1032.274,14608,23971,20,99
1032.576,14608,23962,20,99
1033.138,14608,23918,20,99
1033.575,14608,23950,20,99
1034.105,14605,23934,20,99
1034.606,14605,23940,20,99
1035.107,14608,23928,20,99
1035.628,14601,23968,20,99
1036.148,14616,23937,20,99
1036.588,14608,23956,20,99
1037.155,14608,24006,20,99
1037.551,14605,23959,20,99
1038.076,14608,23956,20,99
1038.597,14608,23934,20,99
1039.052,14616,23909,20,99
1039.604,14612,23956,20,99
1040.115,14612,23981,20,99
1040.639,14612,23959,20,99
1041.047,14616,23940,20,99
1041.603,14608,23921,20,99
1042.083,14616,23928,20,99
1042.572,14616,23946,20,99
1043.091,14612,23956,20,99
1043.607,14612,23909,20,99
1044.175,14616,23953,20,99
1044.612,14616,23959,20,99
1045.231,14616,23959,20,99
1045.647,14616,23940,20,99
1046.112,14616,23975,20,99
1046.604,14612,23937,20,99
1047.099,14616,23959,20,99
1047.604,14612,23950,20,99
1048.084,14616,24000,20,99
1048.603,14616,23937,20,99
1049.144,14612,23937,20,99
1049.606,14616,23978,20,99
1050.084,14616,23953,20,99
1050.599,14616,23990,20,99
1051.138,14619,23975,20,99
1051.580,14619,23990,20,99
1052.130,14616,23968,20,99
1052.591,14619,23956,20,99
1053.189,14619,23918,20,99
1053.740,14616,23946,20,99
1054.106,14619,23975,20,99
1054.670,14619,23940,20,99
1055.234,14623,23962,20,99
1055.635,14619,23946,20,99
1056.185,14616,23937,20,99
1056.699,14623,23915,20,99
1057.127,14619,23962,20,99
1057.614,14623,23956,20,99
1058.118,14626,23940,20,99
1058.584,14623,23956,20,99
1059.119,14623,23928,20,99
1059.606,14616,23959,20,99
1060.124,14626,23921,20,99
1060.603,14623,23934,20,99
1061.120,14623,23934,20,99
1061.588,14619,23950,20,99
1062.061,14630,23940,20,99
1062.643,14623,23900,20,99
1063.139,14623,23940,20,99
1063.607,14619,23931,20,99
1064.102,14626,23978,20,99
1064.782,14626,23956,20,99
1065.140,14634,23956,20,99
1065.588,14626,23934,20,99
1066.103,14623,23946,20,99
1066.607,14630,23978,20,99
1067.108,14626,23950,20,99
1067.621,14626,23937,20,99
1068.177,14630,23968,20,99
1068.671,14634,23931,20,99
1069.089,14630,23953,20,99
1069.610,14630,23946,20,99
1070.108,14634,23959,20,99
1070.643,14626,23953,20,99
1071.130,14634,23918,20,99
1071.576,14630,23950,20,99
1072.113,14630,23956,20,99
1072.590,14626,23946,20,99
1073.095,14626,23968,20,99
1073.678,14630,23934,20,99
1074.098,14626,23937,20,99
1074.658,14630,23937,20,99
1075.092,14634,23956,20,99
1075.665,14634,23959,20,99
1076.206,14630,23921,20,99
1076.722,14634,23940,20,99
1077.124,14634,23968,20,99
1077.703,14634,23953,20,99
1078.126,14634,23934,20,99
1078.588,14630,23934,20,99
1079.155,14637,23962,20,99
1079.618,14637,23950,20,99
1080.095,14637,23956,20,99
1080.691,14634,23971,20,99
1081.070,14637,24012,20,99
1081.651,14637,23928,20,99
1082.077,14641,23931,20,99
1082.623,14637,23975,20,99
1083.070,14641,23940,20,99
1083.666,14637,23946,20,99
1084.258,14637,23937,20,99
1084.723,14637,23959,20,99
1085.154,14634,23918,20,99
1085.658,14641,23940,20,99
1086.147,14637,23959,20,99
1086.609,14637,23956,20,99
1087.166,14641,23953,20,99
1087.616,14637,23937,20,99
1088.182,14644,23928,20,99
1088.599,14644,23953,20,99
1089.244,14637,23962,20,99
1089.616,14637,23959,20,99
1090.161,14641,24000,20,99
1090.631,14637,23953,20,99
1091.111,14644,23971,20,99
1091.574,14637,23962,20,99
1092.114,14648,23962,20,99
1092.615,14641,23950,20,99
1093.128,14644,23937,20,99
1093.615,14641,23953,20,99
1094.119,14644,23940,20,99
1094.638,14641,23940,20,99
1095.164,14644,23968,20,99
1095.632,14644,23959,20,99
1096.193,14652,23962,20,99
1096.776,14644,23946,20,99
1097.105,14644,23968,20,99
1097.629,14644,23956,20,99
1098.131,14644,23950,20,99
1098.639,14644,23959,20,99
1099.175,14648,23975,20,99
1099.610,14641,23931,20,99
1100.122,14644,23981,20,99
1100.654,14648,23928,20,99
1101.106,14648,23946,20,99
1101.589,14648,23981,20,99
1102.072,14644,23975,20,99
1102.647,14652,23975,20,99
1103.128,14655,23950,20,99
1103.644,14652,23937,20,99
1104.110,14648,23981,20,99
1104.618,14652,23912,20,99
1105.130,14652,23953,20,99
1105.691,14652,23937,20,99
1106.081,14655,23953,20,99
1106.700,14652,23956,20,99
1107.167,14652,23971,20,99
1107.698,14655,23956,20,99
1108.152,14648,23937,20,99
1108.615,14655,23962,20,99
1109.134,14652,23950,20,99
1109.657,14655,23968,20,99
1110.249,14655,23940,20,99
1110.634,14648,23921,20,99
1111.162,14648,23953,20,99
1111.633,14652,23981,20,99
1112.119,14655,23950,20,99
1112.621,14662,23950,20,99
1113.110,14655,23946,20,99
1113.625,14662,23915,20,99
1114.151,14659,23918,20,99
1114.610,14652,23937,20,99
1115.111,14659,23918,20,99
1115.611,14652,23934,20,99
1116.164,14659,23940,20,99
1116.728,14659,23946,20,99
1117.186,14655,23950,20,99
1117.711,14655,23946,20,99
1118.266,14659,23956,20,99
1118.657,14659,23946,20,99
1119.119,14659,23931,20,99
1119.678,14659,23968,20,99
1120.159,14659,23940,20,99
1120.613,14655,23928,20,99
1121.145,14655,23940,20,99
1121.611,14659,23975,20,99
1122.128,14659,23921,20,99
1122.640,14659,23953,20,99
1123.151,14662,23953,20,99
1123.640,14662,23937,20,99
1124.154,14662,23940,20,99
1124.635,14662,23950,20,99
1125.137,14659,23981,20,99
1125.622,14662,23950,20,99
1126.152,14659,23968,20,99
1126.665,14666,23956,20,99
1127.169,14659,23953,20,99
1127.662,14662,23978,20,99
1128.123,14666,23940,20,99
1128.685,14655,23931,20,99
1129.126,14670,23937,20,99
1129.675,14666,23956,20,99
1130.159,14666,23950,20,99
1130.587,14662,23987,20,99
1131.143,14670,23953,20,99
1131.646,14666,23931,20,99
1132.162,14666,23978,20,99
1132.697,14666,23959,20,99
1133.135,14666,23962,20,99
1133.590,14670,23931,20,99
1134.137,14670,23953,20,99
1134.670,14670,23934,20,99
1135.119,14670,23987,20,99
1135.661,14666,23987,20,99
1136.119,14677,23950,20,99
1136.723,14666,23950,20,99
1137.150,14673,23975,20,99
1137.624,14670,23981,20,99
1138.157,14673,23953,20,99
1138.629,14670,23950,20,99
1139.111,14670,23953,20,99
1139.591,14670,23950,20,99
1140.120,14670,23931,20,99
1140.628,14673,23940,20,99
1141.137,14673,23959,20,99
1141.617,14673,23946,20,99
1142.123,14673,23959,20,99
1142.628,14680,23953,20,99
1143.096,14670,23946,20,99
1143.594,14677,23950,20,99
1144.178,14670,23987,20,99
1144.673,14673,23937,20,99
1145.140,14673,23931,20,99
1145.678,14677,23953,20,99
1146.174,14677,23971,20,99
1146.622,14677,23959,20,99
1147.195,14673,23937,20,99
1147.635,14680,23940,20,99
1148.141,14677,23934,20,99
1148.674,14680,23937,20,99
1149.149,14673,23959,20,99
1149.667,14680,23946,20,99
1150.194,14680,23956,20,99
1150.629,14680,23990,20,99
1151.147,14680,23940,20,99
1151.638,14680,23946,20,99
1152.147,14680,23975,20,99
1152.656,14684,23931,20,99
1153.105,14680,23934,20,99
1153.680,14680,23934,20,99
1154.136,14684,23928,20,99
1154.678,14680,23909,20,99
1155.144,14677,23953,20,99
1155.650,14680,23940,20,99
1156.200,14684,23956,20,99
1156.663,14680,23950,20,99
1157.195,14684,23931,20,99
1157.646,14688,23946,20,99
1158.151,14680,23978,20,99
1158.656,14684,23971,20,99
1159.140,14688,23928,20,99
1159.617,14680,23962,20,99
1160.139,14680,23928,20,99
1160.679,14677,23956,20,99
1161.164,14680,23937,20,99
1161.621,14684,23993,20,99
1162.138,14684,23937,20,99
1162.630,14688,23968,20,99
1163.153,14688,23937,20,99
1163.698,14688,23896,20,99
1164.197,14684,23946,20,99
1164.636,14688,23915,20,99
1165.142,14688,23956,20,99
1165.658,14684,23987,20,99
1166.170,14691,23940,20,99
1166.636,14688,23956,20,99
1167.123,14688,23962,20,99
1167.795,14684,24000,20,99
1168.119,14684,23934,20,99
1168.671,14691,23937,20,99
1169.102,14688,23959,20,99
1169.654,14691,23946,20,99
1170.131,14688,23946,20,99
1170.650,14691,23990,20,99
1171.133,14691,23921,20,99
1171.633,14688,24009,20,99
1172.114,14695,23978,20,99
1172.637,14688,23962,20,99
1173.225,14698,23934,20,99
1173.708,14695,23931,20,99
1174.176,14688,23937,20,99
1174.713,14698,23928,20,99
1175.165,14695,23918,20,99
1175.705,14695,23953,20,99
1176.145,14691,23993,20,99
1176.741,14688,23956,20,99
1177.136,14695,23990,20,99
1177.635,14698,23956,20,99
1178.147,14698,23928,20,99
1178.619,14698,23953,20,99
1179.162,14698,23950,20,99
1179.696,14698,23940,20,99
1180.138,14698,23953,20,99
1180.700,14702,23953,20,99
1181.160,14691,23946,20,99
1181.662,14695,23981,20,99
1182.114,14695,23950,20,99
1182.685,14698,23953,20,99
1183.123,14706,23959,20,99
1183.655,14698,23996,20,99
1184.154,14702,23946,20,99
1184.658,14698,23934,20,99
1185.150,14702,23934,20,99
1185.642,14702,23962,20,99
1186.242,14702,23934,20,99
1186.660,14706,23959,20,99
1187.156,14709,23953,20,99
1187.682,14698,23934,20,99
1188.162,14695,23978,20,99
1188.715,14706,23934,20,99
1189.140,14698,23940,20,99
1189.671,14702,23950,20,99
1190.131,14709,23934,20,99
1190.659,14702,23931,20,99
1191.172,14702,23978,20,99
1191.821,14706,23981,20,99
1192.201,14706,23968,20,99
1192.681,14706,23921,20,100
1193.152,14709,23956,20,100
1193.614,14706,23959,20,100
1194.117,14702,23931,20,99
1194.614,14709,23959,20,99
1195.206,14706,23971,20,99
1195.632,14709,23962,20,100
1196.190,14709,23950,20,100
1196.675,14706,23971,20,100
1197.221,14706,23975,20,100
1197.650,14713,23978,20,100
1198.161,14709,23940,20,100
1198.674,14706,23940,20,100
1199.165,14709,23968,20,100
1199.679,14716,23962,20,100
1200.207,14709,23971,20,100
1200.692,14709,23931,20,100
1201.185,14713,23950,20,100
1201.721,14713,23912,20,100
1202.159,14709,23937,20,100
1202.705,14706,23953,20,100
1203.149,14709,23971,20,100
1203.662,14716,23962,20,100
1204.173,14716,23950,20,100
1204.639,14709,23956,20,100
1205.166,14713,23946,20,100
1205.637,14713,23959,20,100
1206.169,14716,23950,20,100
1206.671,14709,23959,20,100
1207.205,14713,23962,20,100
1207.640,14716,23921,20,100
1208.200,14713,23959,20,100
1208.653,14716,23934,20,100
1209.164,14720,23962,20,100
1209.671,14720,23937,20,100
1210.197,14716,24000,20,100
1210.629,14716,23950,20,100
1211.222,14720,23962,20,100
1211.643,14720,23934,20,100
1212.140,14713,23937,20,100
1212.652,14720,23968,20,100
1213.146,14720,23981,20,100
1213.725,14716,23950,20,100
1214.135,14724,23946,20,100
1214.632,14713,23918,20,100
1215.146,14724,23937,20,100
1215.680,14720,23918,20,100
1216.229,14720,23940,20,100
1216.640,14720,23937,20,100
1217.180,14716,23950,20,100
1217.693,14724,23953,20,100
1218.130,14724,23931,20,100
1218.729,14724,23959,20,100
1219.194,14724,23996,20,100
1219.667,14724,23987,20,100
1220.155,14724,23950,20,100
1220.655,14731,23946,20,100
1221.236,14724,23896,20,100
1221.653,14724,23962,20,100
1222.216,14720,23959,20,100
1222.661,14727,23968,20,100
1223.130,14724,23953,20,100
1223.657,14731,23921,20,100
1224.275,14731,23971,20,100
1224.634,14727,23937,20,100
1225.163,14727,23934,20,100
1225.729,14724,23971,20,100
1226.177,14727,23937,20,100
1226.711,14734,23971,20,100
1227.173,14727,23950,20,100
1227.697,14731,23946,20,100
1228.197,14731,23959,20,100
1228.693,14724,23962,20,100
1229.176,14734,23946,20,100
1229.645,14731,23959,20,100
1230.144,14731,23953,20,100
1230.650,14734,23975,20,100
1231.205,14734,23990,20,100
1231.628,14731,23953,20,100
1232.151,14734,23953,20,100
1232.657,14731,23953,20,100
1233.169,14731,23959,20,100
1233.688,14734,23959,20,100
1234.165,14734,23981,20,100
1234.677,14734,23981,20,100
1235.244,14734,23975,20,100
1235.689,14738,23946,20,100
1236.244,14731,23962,20,100
1236.713,14738,23962,20,100
1237.211,14731,23950,20,100
1237.696,14738,23959,20,100
1238.187,14742,23968,20,100
1238.715,14734,23946,20,100
1239.164,14738,23956,20,100
1239.650,14738,23940,20,100
1240.170,14734,23959,20,100
1240.675,14742,23978,20,100
1241.240,14734,23981,20,100
1241.677,14731,23940,20,100
1242.216,14742,24000,20,100
1242.697,14738,23959,20,100
1243.174,14745,23953,20,100
1243.645,14738,23918,20,100
1244.179,14742,23959,20,100
1244.707,14742,23971,20,100
1245.196,14742,23968,20,100
1245.743,14742,23956,20,100
1246.212,14742,23931,20,100
1246.682,14745,23934,20,100
1247.227,14752,23978,20,100
1247.697,14745,23971,20,100
1248.172,14742,23940,20,100
1248.694,14742,23940,20,100
1249.203,14745,23953,20,100
1249.663,14745,23975,20,100
1250.211,14742,23978,20,100
1250.718,14749,23959,20,100
1251.181,14749,23928,20,100
1251.650,14749,23950,20,100
1252.204,14742,23959,20,100
1252.667,14752,23953,20,100
1253.185,14749,23950,20,100
1253.673,14749,23940,20,100
1254.176,14752,23950,20,100
1254.740,14749,23940,20,100
1255.214,14749,23937,20,100
1255.647,14749,23953,20,100
1256.227,14749,23937,20,100
1256.646,14749,23990,20,100
1257.218,14756,23968,20,100
1257.709,14749,23928,20,100
1258.232,14745,23937,20,100
1258.668,14756,23990,20,100
1259.164,14756,23981,20,100
1259.708,14749,23956,20,100
1260.166,14752,23962,20,100
1260.685,14749,23959,20,100
1261.191,14752,23968,20,100
1261.760,14752,23934,20,100
1262.231,14752,23950,20,100
1262.665,14756,23962,20,100
1263.185,14760,23931,20,100
1263.726,14760,23971,20,100
1264.435,14752,24000,20,100
1264.699,14760,23975,20,100
1265.151,14756,23962,20,100
1265.650,14760,23937,20,100
1266.275,14760,23893,20,100
1266.671,14756,23956,20,100
1267.203,14760,23931,20,100
1267.683,14763,23931,20,100
1268.209,14760,23975,20,100
1268.730,14756,23990,20,100
1269.213,14760,23962,20,100
1269.714,14760,23928,20,100
1270.226,14756,23978,20,100
1270.657,14760,23946,20,100
1271.240,14763,23953,20,100
1271.672,14767,23940,20,100
1272.227,14763,23993,20,100
1272.700,14760,23959,20,100
1273.254,14760,23940,20,100
1273.738,14763,23921,20,100
1274.187,14770,23962,20,100
1274.705,14763,23953,20,100
1275.245,14763,24000,20,100
1275.655,14760,23934,20,100
1276.214,14767,23950,20,100
1276.694,14760,23971,20,100
1277.172,14763,23981,20,100
1277.679,14767,23981,20,100
1278.186,14763,23962,20,100
1278.672,14767,23928,20,100
1279.243,14763,23934,20,100
1279.717,14767,23975,20,100
1280.205,14767,23981,20,100
1280.697,14763,23975,20,100
1281.235,14763,23928,20,100
1281.753,14774,23959,20,100
1282.205,14767,23968,20,100
1282.671,14767,23956,20,100
1283.189,14763,23940,20,100
1283.692,14774,23912,20,100
1284.204,14770,23962,20,100
1284.659,14774,23981,20,100
1285.224,14770,23934,20,100
1285.685,14770,23950,20,100
1286.202,14770,23978,20,100
1286.686,14774,23928,20,100
1287.158,14778,23928,20,100
1287.702,14770,23978,20,100
1288.225,14774,23981,20,100
1288.727,14770,23950,20,100
1289.213,14778,23968,20,100
1289.726,14774,23915,20,100
1290.214,14781,23975,20,100
1290.665,14778,23915,20,100
1291.190,14778,23950,20,100
1291.702,14774,23946,20,100
1292.206,14770,23968,20,100
1292.689,14778,23946,20,100
1293.205,14778,23962,20,100
1293.690,14778,23962,20,100
1294.182,14778,23937,20,100
1294.666,14778,23971,20,100
1295.170,14778,23946,20,100
1295.758,14778,23937,20,100
1296.218,14781,23962,20,100
1296.730,14778,23978,20,100
1297.202,14781,23975,20,100
1297.662,14781,23959,20,100
1298.288,14785,23990,20,100
1298.728,14781,23950,20,100
1299.234,14781,23934,20,100
1299.703,14781,23978,20,100
1300.173,14781,23956,20,100
1300.675,14785,23931,20,100
1301.176,14788,23956,20,100
1301.746,14788,23937,20,100
1302.195,14785,23918,20,100
1302.706,14792,23956,20,100
1303.182,14781,23940,20,100
1303.710,14781,23975,20,100
1304.226,14785,23934,20,100
1304.672,14785,23946,20,100
1305.197,14781,23959,20,100
1305.702,14788,23962,20,100
1306.196,14792,23968,20,100
1306.733,14785,23971,20,100
1307.227,14788,23937,20,100
1307.688,14788,23937,20,100
1308.204,14788,23909,20,100
1308.704,14788,23950,20,100
1309.233,14788,23968,20,100
1309.677,14788,23931,20,100
1310.172,14796,23962,20,100
1310.755,14788,23912,20,100
1311.167,14792,23937,20,100
1311.713,14792,23962,20,100
1312.176,14792,23990,20,100
1312.676,14796,23931,20,100
1313.198,14796,23953,20,100
1313.712,14796,23962,20,100
1314.211,14796,23987,20,100
1314.702,14788,23978,20,100
1315.203,14796,23937,20,100
1315.712,14796,23959,20,100
1316.313,14799,23950,20,100
1316.747,14799,23940,20,100
1317.207,14796,23990,20,100
1317.742,14796,23956,20,100
1318.200,14799,23953,20,100
1318.708,14799,23959,20,100
1319.282,14799,23956,20,100
1319.712,14796,23953,20,100
1320.216,14796,23978,20,100
1320.781,14799,23953,20,100
1321.231,14799,23956,20,100
1321.714,14796,23968,20,100
1322.226,14803,23950,20,100
1322.749,14799,23940,20,100
1323.249,14799,23993,20,100
1323.705,14803,23962,20,100
1324.178,14799,23971,20,100
1324.761,14803,23996,20,100
1325.237,14803,23940,20,100
1325.714,14803,23968,20,100
1326.226,14803,23956,20,100
1326.712,14799,23950,20,100
1327.209,14803,23959,20,100
1327.740,14803,23981,20,100
1328.175,14806,23962,20,100
1328.759,14803,23962,20,100
1329.195,14803,23971,20,100
1329.710,14803,23946,20,100
1330.210,14806,23962,20,100
1330.735,14803,23921,20,100
1331.224,14810,23953,20,100
1331.741,14814,23978,20,100
1332.215,14806,23971,20,100
1332.699,14803,23968,20,100
1333.243,14806,23950,20,100
1333.724,14814,23921,20,100
1334.248,14806,23996,20,100
1334.745,14814,23946,20,100
1335.244,14814,23950,20,100
1335.714,14810,23956,20,100
1336.255,14814,23950,20,100
1336.746,14810,23978,20,100
1337.214,14810,23946,20,100
1337.737,14810,23975,20,100
1338.218,14814,23978,20,100
1338.728,14821,23950,20,100
1339.230,14817,23950,20,100
1339.750,14810,23981,20,100
1340.259,14814,23950,20,100
1340.715,14824,23940,20,100
1341.226,14817,23946,20,100
1341.734,14817,24015,20,100
1342.210,14810,23987,20,100
1342.787,14821,23975,20,100
1343.270,14821,23946,20,100
1343.755,14814,23956,20,100
1344.234,14817,24009,20,100
1344.738,14821,23946,20,100
1345.215,14824,23962,20,100
1345.800,14817,23959,20,100
1346.240,14821,23981,20,100
1346.708,14817,23956,20,100
1347.239,14817,23959,20,100
1347.729,14821,23962,20,100
1348.186,14817,23946,20,100
1348.719,14821,23968,20,100
1349.238,14821,23990,20,100
1349.693,14824,23946,20,100
1350.231,14821,23940,20,100
1350.743,14821,23993,20,100
1351.278,14821,23975,20,100
1351.764,14824,23956,20,100
1352.190,14821,23928,20,100
1352.799,14824,23993,20,100
1353.214,14824,23956,20,100
1353.735,14824,23928,20,100
1354.244,14824,23962,20,100
1354.738,14824,23959,20,100
1355.267,14824,23953,20,100
1355.744,14824,23953,20,100
1356.205,14824,23959,20,100
1356.739,14828,23968,20,100
1357.190,14828,23975,20,100
1357.744,14832,23934,20,100
1358.221,14828,23956,20,100
1358.711,14828,23931,20,100
1359.199,14832,23953,20,100
1359.744,14832,23962,20,100
1360.263,14832,23959,20,100
1360.739,14832,23937,20,100
1361.228,14832,23950,20,100
1361.798,14832,23975,20,100
1362.291,14828,23953,20,100
1362.708,14828,23996,20,100
1363.268,14832,23946,20,100
1363.802,14832,23990,20,100
1364.299,14835,23971,20,100
1364.718,14832,23962,20,100
1365.233,14839,23934,20,100
1365.746,14832,23990,20,100
1366.206,14839,23975,20,100
1366.728,14832,23971,20,100
1367.248,14839,23962,20,100
1367.723,14839,24006,20,100
1368.218,14832,23953,20,100
1368.723,14835,23981,20,100
1369.230,14839,23937,20,100
1369.723,14835,23968,20,100
1370.281,14835,23987,20,100
1370.737,14839,23971,20,100
1371.344,14835,23962,20,100
1371.751,14839,23968,20,100
1372.199,14842,23968,20,100
1372.777,14839,23956,20,100
1373.255,14842,23962,20,100
1373.749,14839,23921,20,100
1374.243,14839,23931,20,100
1374.771,14839,23934,20,100
1375.247,14842,23981,20,100
1375.761,14846,23971,20,100
1376.241,14839,23959,20,100
1376.732,14842,23953,20,100
1377.266,14850,23975,20,100
1377.764,14846,23956,20,100
1378.226,14842,23921,20,100
1378.738,14846,23962,20,100
1379.302,14839,23921,20,100
1379.744,14846,23959,20,100
1380.242,14846,23950,20,100
1380.793,14850,23956,20,100
1381.243,14842,23940,20,100
1381.727,14846,23962,20,100
1382.253,14850,23956,20,100
1382.747,14850,23953,20,100
1383.241,14850,23921,20,100
1383.770,14846,23953,20,100
1384.224,14850,23975,20,100
1384.730,14853,23940,20,100
1385.275,14850,23990,20,100
1385.729,14850,23953,20,100
1386.246,14857,23962,20,100
1386.763,14853,23968,20,100
1387.231,14857,23959,20,100
1387.735,14850,23937,20,100
1388.230,14853,23971,20,100
1388.795,14853,23940,20,100
1389.284,14853,23978,20,100
1389.794,14857,23962,20,100
1390.319,14857,23934,20,100
1390.816,14853,23956,20,100
1391.227,14857,23962,20,100
1391.722,14853,23978,20,100
1392.223,14853,23987,20,100
1392.744,14857,23953,20,100
1393.274,14853,23940,20,100
1393.732,14860,23946,20,100
1394.259,14860,23968,20,100
1394.758,14860,23981,20,100
1395.251,14864,23971,20,100
1395.758,14860,23946,20,100
1396.251,14857,23956,20,100
1396.760,14860,23934,20,100
1397.258,14857,23996,20,100
1397.737,14857,23962,20,100
1398.303,14860,23937,20,100
1398.821,14864,23968,20,100
1399.235,14864,23937,20,100
1399.791,14864,23950,20,100
1400.249,14857,23931,20,100
1400.719,14857,23962,20,100
1401.270,14864,23981,20,100
1401.745,14864,23975,20,100
1402.247,14864,23968,20,100
1402.748,14860,23953,20,100
1403.210,14868,23981,20,100
1403.720,14864,23959,20,100
1404.238,14868,23940,20,100
1404.772,14868,23953,20,100
1405.274,14868,23975,20,100
1405.777,14868,23956,20,100
1406.305,14868,23968,20,100
1406.784,14868,23956,20,100
1407.301,14871,23950,20,100
1407.778,14868,23956,20,100
1408.290,14868,23978,20,100
1408.742,14868,23931,20,100
1409.215,14868,23959,20,100
1409.742,14864,23968,20,100
1410.275,14871,23921,20,100
1410.762,14868,23940,20,100
1411.213,14868,23950,20,100
1411.759,14871,23950,20,100
1412.266,14868,23959,20,100
1412.728,14871,23962,20,100
1413.260,14871,23971,20,100
1413.766,14868,23934,20,100
1414.272,14875,23946,20,100
1414.735,14875,23981,20,100
1415.233,14875,23950,20,100
1415.769,14875,23903,20,100
1416.257,14878,23928,20,100
1416.743,14875,23900,20,100
1417.301,14875,23975,20,100
1417.779,14875,23940,20,100
1418.285,14875,23978,20,100
1418.790,14878,23962,20,100
1419.214,14875,23971,20,100
1419.766,14875,23950,20,100
1420.231,14875,23962,20,100
1420.774,14882,23950,20,100
1421.279,14882,23931,20,100
1421.763,14886,23959,20,100
1422.257,14882,23946,20,100
1422.736,14882,23962,20,100
1423.268,14886,23962,20,100
1423.773,14889,23931,20,100
1424.307,14875,23937,20,100
1424.785,14882,23937,20,100
1425.280,14889,23950,20,100
1425.750,14882,23975,20,100
1426.253,14875,23909,20,100
1426.785,14886,23953,20,100
1427.273,14886,23971,20,100
1427.763,14882,23993,20,100
1428.277,14889,23937,20,100
1428.781,14889,23953,20,100
1429.254,14889,23959,20,100
1429.781,14893,23956,20,100
1430.273,14889,23959,20,100
1430.778,14889,23971,20,100
1431.287,14886,23968,20,100
1431.772,14893,23956,20,100
1432.253,14896,23978,20,100
1432.761,14893,23928,20,100
1433.251,14893,23950,20,100
1433.748,14886,23950,20,100
1434.277,14886,23950,20,100
1434.754,14886,23950,20,100
1435.284,14893,23990,20,100
1435.774,14889,23928,20,100
1436.381,14893,23959,20,100
1436.793,14896,23981,20,100
1437.271,14893,23959,20,100
1437.757,14893,23928,20,100
1438.246,14889,23978,20,100
1438.752,14893,23937,20,100
1439.256,14896,23971,20,100
1439.789,14893,23937,20,100
1440.252,14896,23975,20,100
1440.755,14900,23978,20,100
1441.239,14900,23981,20,100
1441.762,14896,23975,20,100
1442.270,14896,23959,20,100
1442.802,14893,23975,20,100
1443.284,14904,23928,20,100
1443.785,14900,23978,20,100
1444.287,14904,23981,20,100
1444.830,14904,23953,20,100
1445.338,14896,23981,20,100
1445.799,14900,23928,20,100
1446.278,14900,23953,20,100
1446.767,14900,23981,20,100
1447.263,14904,23953,20,100
1447.750,14904,23934,20,100
1448.280,14904,23990,20,100
1448.735,14904,23953,20,100
1449.294,14907,23934,20,100
1449.739,14900,23937,20,100
1450.277,14907,23956,20,100
1450.774,14907,23968,20,100
1451.236,14907,23962,20,100
1451.766,14904,23978,20,100
1452.290,14904,23959,20,100
1452.834,14904,23950,20,100
1453.351,14904,23940,20,100
1453.810,14911,23937,20,100
1454.290,14911,23993,20,100
1454.861,14907,23956,20,100
1455.292,15012,23940,20,100
1455.762,15004,28,20,100
1456.297,15001,6,20,100
1456.795,15004,18,20,100
1457.310,15001,-21,20,100
1457.757,14997,-3,20,100
1458.247,15001,12,20,100
1458.806,15001,12,20,100
1459.295,15001,12,20,100
1459.815,15001,12,20,100
1460.234,15001,12,20,100
1460.769,15001,12,20,100
1461.304,15001,12,20,100
1461.812,15001,12,20,100
1462.322,15001,12,20,100
1462.768,15001,12,20,100
1463.305,15001,12,20,100
1463.768,15001,0,20,100
1464.241,15001,0,20,100
1464.799,15001,0,20,100
1465.261,15001,0,20,100
1465.767,15001,0,20,100
1466.281,15001,0,20,100
1466.769,15001,0,20,100
1467.267,15001,0,20,100
1467.752,15001,0,20,100
1468.299,15001,0,20,100
1468.845,15001,0,20,100
1469.314,15001,0,20,100
1469.752,15001,0,20,100
1470.278,15001,0,20,100
1470.778,15001,0,20,100
1471.269,15001,0,20,100
1471.818,15001,0,20,100
1472.304,15001,0,20,100
1472.742,15001,0,20,100
1473.319,15001,0,20,100
1473.779,15001,0,20,100
1474.315,15001,0,20,100
1474.750,15001,0,20,100
1475.299,14994,15,20,100
1475.794,14994,15,20,100
1476.286,14994,15,20,100
1476.783,14994,15,20,100
1477.320,14994,15,20,100
1477.792,14994,15,20,100
1478.268,14994,15,20,100
1478.799,14994,15,20,100
1479.306,14994,15,20,100
1479.778,14994,15,20,100
1480.247,14994,15,20,100
1480.774,15001,9,20,100
1481.333,15001,9,20,100
1481.808,15001,9,20,100
1482.338,15001,9,20,100
1482.830,15001,9,20,100
1483.342,15001,9,20,100
1483.793,15001,9,20,100
1484.280,15001,9,20,100
1484.784,15001,9,20,100
1485.302,15001,9,20,100
1485.796,15001,9,20,100
1486.279,15004,-6,20,100
1486.750,15004,-6,20,100
1487.290,15004,-6,20,100
1487.759,15004,-6,20,100
1488.275,15004,-6,20,100
1488.863,15004,-6,20,100
1489.362,15004,-6,20,100
1489.813,15004,-6,20,100
1490.396,15004,-6,20,100
1490.827,15004,-6,20,100
1491.291,15004,-6,20,100
1491.802,15004,-3,20,100
1492.371,15004,-3,20,100
1492.819,15004,-3,20,100
1493.299,15004,-3,20,100
1493.766,15004,-3,20,100
1494.249,15004,-3,20,100
1494.770,15004,-3,20,100
1495.268,15004,-3,20,100
1495.806,15004,-3,20,100
1496.343,15004,-3,20,100
1496.806,15004,-3,20,100
1497.266,15004,-3,20,100
1497.780,15001,-3,20,100
1498.342,15001,-3,20,100
1498.802,15001,-3,20,100
1499.324,15001,-3,20,100
1499.818,15001,-3,20,100
1500.317,15001,-3,20,100
1500.838,15001,-3,20,100
1501.330,15001,-3,20,100
1501.766,15001,-3,20,100
1502.326,15001,-3,20,100
1502.795,15001,-3,20,100
1503.282,15001,12,20,100
1503.799,15001,12,20,100
1504.286,15001,12,20,100
1504.800,15001,12,20,100
1505.292,15001,12,20,100
1505.802,15001,12,20,100
1506.262,15001,12,20,100
1506.805,15001,12,20,100
1507.309,15001,12,20,100
1507.885,15001,12,20,100
1508.315,15001,12,20,100
1508.787,15004,28,20,100
1509.279,15004,28,20,100
1509.858,15004,28,20,100
1510.295,15004,28,20,100
1510.795,15004,28,20,100
1511.295,15004,28,20,100
1511.939,15004,28,20,100
1512.290,15004,28,20,100
1512.788,15004,28,20,100
1513.319,15004,28,20,100
1513.811,15004,28,20,100
1514.314,15008,18,20,100
1514.791,15008,18,20,100
1515.318,15008,18,20,100
1515.830,15008,18,20,100
1516.258,15008,18,20,100
1516.797,15008,18,20,100
1517.310,15008,18,20,100
1517.827,15008,18,20,100
1518.303,15008,18,20,100
1518.828,15008,18,20,100
1519.347,15008,18,20,100
1519.830,15102,18,20,100
1520.363,15102,9,20,100
1520.779,15102,9,20,100
1521.326,15102,9,20,100
1521.793,15102,9,20,100
1522.283,15102,9,20,100
1522.793,15102,9,20,100
1523.265,15102,9,20,100
1523.792,15102,9,20,100
1524.271,15102,9,20,100
1524.824,15102,9,20,100
1525.313,15102,9,20,100
1525.766,36,21,20,19
1526.280,21,-12,20,11
1526.853,18,0,20,5
1527.281,10,46,20,1
1527.833,7,-31,20,0
1528.287,3,0,20,0
1528.832,10,21,20,0
1529.306,0,-28,20,0
1529.809,0,0,20,0
1530.339,3,-31,20,0
1530.819,0,-18,20,0
1531.341,3,40,20,0
1531.780,0,9,20,0
